planet1,planet2,aspect,interpretation
sun,moon,conjunction,"This signifies a strong connection between your conscious identity and your emotional nature. You likely have a unified sense of self, with your emotions readily expressed through your conscious will, leading to a harmonious inner and outer life."
sun,moon,square,"This creates tension between your conscious ego and your emotional needs. You might experience internal conflict, difficulty reconciling your identity with your feelings, or a push-and-pull between what you consciously want and what you emotionally require for security."
sun,moon,trine,"This indicates an effortless integration of your conscious identity and your emotional nature. Your emotions support your sense of self, and you can express your feelings readily, leading to a stable, well-adjusted, and intuitive personality."
sun,moon,opposition,"This creates an awareness of the interplay between your conscious identity and your emotional needs, often manifesting through relationships. You might project your lunar needs onto others or find yourself drawn to people who represent what's missing in your own emotional integration, leading to a conscious understanding of balance."
sun,moon,sextile,"This suggests a gentle opportunity for harmony between your conscious identity and your emotional nature. Your feelings readily support your conscious pursuits, and you can express yourself emotionally in ways that build your confidence and sense of purpose. ---"
sun,mercury,conjunction,Your conscious identity and your mind/communication are closely aligned. You likely express yourself directly and think about things you are conscious of; your intellect is a primary way you assert your identity.
sun,mercury,square,"There can be tension between your conscious will and your thinking or communication style. You might find it difficult to express your core identity clearly, or your thoughts might sometimes contradict your conscious intentions, requiring conscious effort to align your mind and ego."
sun,mercury,trine,"Your conscious identity and mind are in harmony. You express yourself clearly and your thoughts naturally support your sense of self, leading to an easy flow of communication that reflects your core being."
sun,mercury,opposition,"Awareness of the interplay between your ego and your intellect is highlighted. You might project your Mercury-related needs onto others or attract people who represent what's missing in your own mental expression, leading to a conscious understanding of how your mind serves your identity."
sun,mercury,sextile,"There's a good opportunity for your mind and ego to work together. Your thoughts can easily support your conscious pursuits, and you can express your identity through clear and natural communication. ---"
sun,venus,conjunction,"Your core identity, vitality, and personal expression are fused with your sense of love, beauty, and values. You likely express yourself in a charming, aesthetically pleasing way, and your sense of self is deeply tied to your capacity for love and appreciation."
sun,venus,square,"This creates tension between your conscious ego and your desires for love, beauty, or social harmony. You might find it challenging to reconcile your personal desires with what you believe is beautiful or loving, leading to conflicts in relationships or with your values, requiring conscious effort to balance these energies."
sun,venus,trine,"Your conscious identity and your ability to love and appreciate beauty are in harmony. Your sense of self is naturally expressed through charm and grace, and your personal values align harmoniously with your core being, leading to an easy and pleasant expression of self."
sun,venus,opposition,"Awareness of the interplay between your ego and your values/relationships is highlighted. You might project your Venusian needs onto others or find yourself drawn to people who represent what's missing in your own expression of love and beauty, leading to a conscious understanding of balance in your social and romantic life."
sun,venus,sextile,"There's a good opportunity for your core identity and your values to work together harmoniously. Your sense of self naturally supports your ability to love and appreciate beauty, and you can express yourself in ways that are both charming and authentic. ---"
sun,mars,conjunction,"Your conscious identity, vitality, and ego are fused with your drive, energy, and assertiveness. You are likely a person of action who expresses your will directly, with a powerful force of will driving your conscious pursuits."
sun,mars,square,"This creates tension between your conscious ego and your drive/energy. You might find it challenging to direct your anger or assertiveness constructively, leading to impulsive actions, frustration, or conflict between your desires and your conscious goals."
sun,mars,trine,"Your conscious identity and your drive are in harmony. Your vitality readily fuels your actions, and you can express your will assertively and effectively, leading to a natural ability to achieve goals and manifest your intentions with energetic confidence."
sun,mars,opposition,"Awareness of the interplay between your ego and your drive is highlighted. You might project your Martian energy onto others or attract people who represent what's missing in your own assertive expression, leading to a conscious understanding of balance between your will and your actions, often seen in significant relationships."
sun,mars,sextile,"There's a good opportunity for your core identity and your drive to work together harmoniously. Your vitality naturally supports your actions, and you can express yourself assertively and effectively, allowing for natural progress towards your goals. ---"
sun,jupiter,conjunction,"Your core identity is amplified by optimism, expansion, and a belief in good fortune. You likely have a generous spirit, a broad perspective, and a natural inclination towards growth and abundance, with your ego finding fulfillment in exploration and opportunity."
sun,jupiter,square,"There's a tension between your conscious ego and your desire for expansion or belief in good fortune. You might overextend yourself, have overly optimistic expectations that lead to disappointment, or struggle with finding a balance between your ambitions and reality, requiring conscious effort to temper excess."
sun,jupiter,trine,"Your conscious identity and your sense of optimism and expansion are in harmony. Your vitality readily fuels your pursuit of growth and opportunity, and you naturally express yourself with confidence and generosity, leading to fortunate circumstances and a positive outlook."
sun,jupiter,opposition,"Awareness of the interplay between your ego and your belief in expansion is highlighted. You might project your optimistic desires onto others or attract people who represent what's missing in your own sense of opportunity, leading to a conscious understanding of how to integrate your personal will with broader life philosophies."
sun,jupiter,sextile,"There's a good opportunity for your core identity and your drive for expansion to work together harmoniously. Your sense of self naturally supports your optimism, and you can express yourself in ways that attract good fortune and opportunities for growth with relative ease. ---"
sun,saturn,conjunction,"Your conscious identity and ego are deeply influenced by lessons in discipline, responsibility, and structure. You likely approach life with a serious demeanor and a strong sense of duty, learning about yourself through challenges and the accumulation of experience, building a solid foundation for your identity."
sun,saturn,square,"This creates tension between your conscious ego and your need for structure or responsibility. You might feel burdened by duties, struggle with self-discipline, or experience delays and obstacles that challenge your sense of identity, requiring conscious effort to overcome limitations and build lasting structures."
sun,saturn,trine,"Your conscious identity and your sense of discipline and responsibility are in harmony. You naturally embody maturity and structure, expressing your will with steady determination, which helps you build lasting achievements and a strong sense of purpose."
sun,saturn,opposition,"Awareness of the interplay between your ego and your sense of responsibility is highlighted. You might project your need for structure onto others or attract people who represent what's missing in your own ability to take charge, leading to a conscious understanding of balance between your personal will and the responsibilities you face."
sun,saturn,sextile,"There's a good opportunity for your core identity and your drive for structure to work together harmoniously. Your sense of self naturally supports discipline, and you can express yourself with a steady, responsible demeanor, leading to steady progress and the building of lasting foundations. ---"
sun,uranus,conjunction,"Your conscious identity and ego are fused with your originality, rebelliousness, and desire for freedom. You are likely a unique individual who expresses yourself in unconventional ways, with your sense of self driven by intellectual awakening and a need for independence."
sun,uranus,square,"This creates tension between your conscious ego and your need for freedom or original expression. You might feel restricted, experience sudden disruptions to your identity, or struggle with asserting your individuality in unconventional ways, requiring conscious effort to integrate sudden change into your sense of self."
sun,uranus,trine,"Your conscious identity and your originality are in harmony. Your sense of self naturally aligns with your innovative spirit, and you express yourself in unique and authentic ways, leading to a natural ability to adapt to change and embrace individuality."
sun,uranus,opposition,"Awareness of the interplay between your ego and your need for freedom is highlighted. You might project your need for originality onto others or attract people who represent what's missing in your own unconventional expression, leading to a conscious understanding of balance between your personal will and the need for independence and innovation."
sun,uranus,sextile,"There's a good opportunity for your core identity and your drive for innovation to work together harmoniously. Your sense of self naturally supports your unique spirit, and you can express yourself in ways that attract opportunity and positive change with relative ease. ---"
sun,neptune,conjunction,"Your conscious identity and ego are fused with your idealism, spirituality, and imaginative nature. You likely express yourself in a dreamy, compassionate, or artistic way, with your sense of self deeply connected to your spiritual yearnings and subconscious explorations."
sun,neptune,square,"This creates tension between your conscious ego and your idealistic or spiritual aspirations. You might struggle with manifesting your dreams, experience confusion about your identity, or find your actions hindered by unrealistic expectations or escapism, requiring conscious effort to ground your spiritual pursuits."
sun,neptune,trine,"Your conscious identity and your idealism are in harmony. Your sense of self naturally aligns with your compassionate and imaginative spirit, and you express yourself in ways that are both inspiring and deeply felt, leading to a graceful connection with your inner world."
sun,neptune,opposition,"Awareness of the interplay between your ego and your spiritual/idealistic nature is highlighted. You might project your subconscious desires onto others or attract people who represent what's missing in your own idealistic expression, leading to a conscious understanding of balance between your personal will and your connection to higher realms."
sun,neptune,sextile,"There's a good opportunity for your core identity and your drive for spiritual connection to work together harmoniously. Your sense of self naturally supports your compassion and intuition, and you can express yourself in ways that are both inspiring and grounding, leading to gentle breakthroughs in self-understanding. ---"
sun,pluto,conjunction,"Your conscious identity and ego are deeply fused with intense power, transformation, and subconscious drives. You likely possess a powerful will and a magnetic presence, with your sense of self undergoing profound personal evolution, often through confronting and regenerating deep-seated patterns."
sun,pluto,square,"This creates tension between your conscious ego and your drive for power or transformation. You might struggle with control issues, experience intense power struggles, or find your identity challenged by profound changes, requiring conscious effort to navigate these intense Plutonian forces constructively."
sun,pluto,trine,"Your conscious identity and your drive for transformation are in harmony. Your sense of self naturally aligns with your ability to regenerate and wield personal power, and you express your will with intense determination, leading to a deep capacity for personal growth and the ability to impact profound change."
sun,pluto,opposition,"Awareness of the interplay between your ego and your drive for power or transformation is highlighted. You might project your need for control onto others or attract people who represent what's missing in your own assertive power, leading to a conscious understanding of balance between your personal will and the forces of regeneration and deep change."
sun,pluto,sextile,"There's a good opportunity for your core identity and your drive for transformation to work together harmoniously. Your sense of self naturally supports your intense focus, and you can express yourself in ways that attract profound change and personal regeneration with a steady, powerful intention. Let's continue our journey through the aspects, this time focusing on the **Moon!** The Moon represents your emotional nature, subconscious, instincts, habits, nurturing needs, and how you seek security. When it forms aspects with other planets, it describes how these other energies influence your inner world and emotional responses. Again, we'll focus on the major aspects: **Conjunction, Square, Trine, Opposition, and Sextile.** Remember that the signs and houses involved add crucial layers of meaning. ---"
moon,mercury,conjunction,"Your emotional nature and your mind are closely aligned. You think about your feelings, express them easily through words, and have a receptive, adaptable mind that readily processes emotional information."
moon,mercury,square,"Tension exists between your emotional needs and your thinking/communication style. You might find your thoughts influenced by emotions in a way that causes confusion or miscommunication, or you may struggle to verbally express your feelings clearly, requiring conscious effort to bridge this gap."
moon,mercury,trine,"Your emotional nature and your mind are in harmony. You can easily communicate your feelings, have an intuitive understanding, and your thoughts often flow from your emotional state in a balanced way, leading to clear and empathetic expression."
moon,mercury,opposition,"Awareness of the interplay between your emotions and your intellect is highlighted. You might project your communicative needs onto others or attract people who help you understand your own emotional thought processes, leading to a conscious understanding of how your mind and feelings interact, especially in relationships."
moon,mercury,sextile,"There's a good opportunity for your emotions and your mind to work together harmoniously. Your feelings readily support your thoughts, and you can express yourself verbally in ways that are both insightful and emotionally resonant. ---"
moon,venus,conjunction,"Your emotional nature and your sense of love, beauty, and values are fused. You likely express your feelings through affection and appreciation, and your emotional security is tied to harmonious relationships and pleasant experiences."
moon,venus,square,"This creates tension between your emotional needs and your desires for love, beauty, or social harmony. You might find it challenging to reconcile your feelings with what you find attractive or loving, leading to emotional frustration in relationships or conflicts between your comfort needs and your social desires."
moon,venus,trine,"Your emotional nature and your ability to love and appreciate beauty are in harmony. Your feelings naturally support your social graces and aesthetic sense, and you express yourself with charm and warmth, leading to pleasant relationships and a natural appreciation for beauty in your life."
moon,venus,opposition,"Awareness of the interplay between your emotions and your values/relationships is highlighted. You might project your emotional needs onto partners or attract people who represent what's missing in your own expression of affection, leading to a conscious understanding of balance between your inner feelings and your outward social connections."
moon,venus,sextile,"There's a good opportunity for your emotions and your social nature to work together harmoniously. Your feelings readily support your charm and aesthetic sense, and you can express yourself in ways that are both emotionally authentic and socially pleasing, leading to enjoyable relationships and a natural sense of ease. ---"
moon,mars,conjunction,"Your emotional nature and your drive/energy are fused. You likely act on your feelings impulsively, with your emotions fueling your actions directly. Your emotional responses can be passionate and quick to manifest as action."
moon,mars,square,"This creates tension between your emotional needs and your drive/energy. You might experience emotional frustration, difficulty in expressing anger constructively, or a conflict between what you emotionally want and how you go about getting it, requiring conscious effort to manage your emotional responses and actions."
moon,mars,trine,"Your emotional nature and your drive are in harmony. Your feelings readily support your actions, and you can express yourself assertively and energetically when needed, leading to a natural ability to meet your needs and pursue your desires with emotional conviction."
moon,mars,opposition,"Awareness of the interplay between your emotions and your drive is highlighted. You might project your emotional needs onto others or attract people who represent what's missing in your own assertive action, leading to a conscious understanding of balance between your inner feelings and your outward pursuit of goals, often seen in relationships."
moon,mars,sextile,"There's a good opportunity for your emotions and your drive to work together harmoniously. Your feelings readily support your actions, and you can express yourself assertively and energetically when needed, allowing for the natural fulfillment of your needs. ---"
moon,jupiter,conjunction,"Your emotional nature is amplified by optimism, generosity, and a belief in good fortune. You likely have a jovial, hopeful disposition and find emotional security in expansion and abundance, with your feelings naturally leading you towards positive experiences."
moon,jupiter,square,"This creates tension between your emotional needs and your desire for expansion or belief in good fortune. You might overindulge emotionally, have overly optimistic expectations that lead to disappointment, or struggle with finding a balance between your desires for comfort and your outward pursuit of growth, requiring conscious effort to manage excess."
moon,jupiter,trine,"Your emotional nature and your sense of optimism and expansion are in harmony. Your feelings readily support your pursuit of happiness and growth, and you naturally express yourself with generosity and a hopeful outlook, leading to fortunate emotional circumstances and a positive inner state."
moon,jupiter,opposition,"Awareness of the interplay between your emotions and your desire for growth is highlighted. You might project your optimistic feelings onto others or attract people who represent what's missing in your own expression of abundance, leading to a conscious understanding of how to integrate your inner world with broader life experiences, often seen in relationships."
moon,jupiter,sextile,"There's a good opportunity for your emotions and your optimistic outlook to work together harmoniously. Your feelings readily support your pursuit of happiness, and you can express yourself in ways that attract good fortune and emotional well-being with relative ease. ---"
moon,saturn,conjunction,"Your emotional nature and your sense of responsibility, discipline, and structure are fused. You likely approach your feelings with seriousness and a need for control, learning about emotional security through challenges and the accumulation of experience, building a solid foundation for your inner world."
moon,saturn,square,"This creates tension between your emotional needs and your need for structure or responsibility. You might feel burdened by your emotions, struggle with emotional discipline, or experience delays and obstacles that challenge your sense of security, requiring conscious effort to overcome limitations and build emotional resilience."
moon,saturn,trine,"Your emotional nature and your sense of discipline and responsibility are in harmony. You naturally embody emotional maturity and structure, expressing your feelings with steady determination, which helps you build lasting emotional security and a strong sense of inner control."
moon,saturn,opposition,"Awareness of the interplay between your emotions and your sense of responsibility is highlighted. You might project your need for emotional structure onto others or attract people who represent what's missing in your own emotional expression, leading to a conscious understanding of balance between your inner feelings and the emotional responsibilities you face."
moon,saturn,sextile,"There's a good opportunity for your emotions and your drive for structure to work together harmoniously. Your feelings readily support your need for discipline, and you can express yourself with a steady, responsible demeanor, leading to emotional maturity and the building of lasting security. ---"
moon,uranus,conjunction,"Your emotional nature and your sense of individuality, freedom, and innovation are fused. You likely express your feelings in unconventional ways and have sudden emotional shifts, with your emotional security tied to independence and intellectual stimulation."
moon,uranus,square,"This creates tension between your emotional needs and your need for freedom or unconventional expression. You might experience unpredictable emotional outbursts, difficulty in maintaining emotional stability, or sudden disruptions to your sense of security, requiring conscious effort to integrate sudden change into your inner world."
moon,uranus,trine,"Your emotional nature and your originality are in harmony. Your feelings naturally align with your innovative spirit, and you express yourself in unique and authentic ways, leading to a natural ability to adapt emotionally and embrace change."
moon,uranus,opposition,"Awareness of the interplay between your emotions and your need for freedom is highlighted. You might project your need for emotional independence onto others or attract people who represent what's missing in your own unconventional emotional expression, leading to a conscious understanding of balance between your inner feelings and the need for independence and emotional change."
moon,uranus,sextile,"There's a good opportunity for your emotions and your drive for innovation to work together harmoniously. Your feelings readily support your unique spirit, and you can express yourself in ways that attract emotional breakthroughs and positive change with relative ease. ---"
moon,neptune,conjunction,"Your emotional nature and your idealism, spirituality, and imagination are fused. You likely express your feelings with great empathy and intuition, with your emotional security tied to spiritual connection and subconscious explorations. Your emotions can be deeply inspiring but also prone to confusion."
moon,neptune,square,"This creates tension between your emotional needs and your idealistic or spiritual aspirations. You might struggle with emotional boundaries, experience confusion about your feelings, or find your actions hindered by unrealistic expectations or escapism, requiring conscious effort to ground your emotional world and discern reality from fantasy."
moon,neptune,trine,"Your emotional nature and your idealism are in harmony. Your feelings naturally align with your compassionate and imaginative spirit, and you express yourself with a gentle empathy, leading to a graceful connection with your inner world and a natural flow of intuitive understanding."
moon,neptune,opposition,"Awareness of the interplay between your emotions and your spiritual/idealistic nature is highlighted. You might project your subconscious desires onto others or attract people who represent what's missing in your own idealistic emotional expression, leading to a conscious understanding of balance between your inner feelings and your connection to higher realms, often influencing relationships."
moon,neptune,sextile,"There's a good opportunity for your emotions and your drive for spiritual connection to work together harmoniously. Your feelings readily support your intuition and compassion, and you can express yourself in ways that are both inspiring and emotionally authentic, leading to gentle breakthroughs in emotional understanding and a sense of inner peace. ---"
moon,pluto,conjunction,"Your emotional nature and your sense of power, intensity, and subconscious drives are fused. You likely experience emotions very deeply and possess a powerful emotional will, with your inner world undergoing profound personal evolution through confronting and regenerating deep-seated emotional patterns."
moon,pluto,square,"This creates tension between your emotional needs and your drive for power or transformation. You might struggle with emotional control, experience intense emotional outbursts, or find your security challenged by profound subconscious changes, requiring conscious effort to navigate these intense emotional forces constructively and achieve emotional regeneration."
moon,pluto,trine,"Your emotional nature and your drive for transformation are in harmony. Your feelings naturally align with your ability to regenerate and wield personal emotional power, and you express yourself with intense emotional determination, leading to a deep capacity for emotional resilience and the ability to bring about profound emotional change."
moon,pluto,opposition,"Awareness of the interplay between your emotions and your drive for emotional power or transformation is highlighted. You might project your need for emotional control onto others or attract people who represent what's missing in your own emotional expression of power, leading to a conscious understanding of balance between your inner feelings and the forces of emotional regeneration and deep change, often seen in relationships."
moon,pluto,sextile,"There's a good opportunity for your emotions and your drive for transformation to work together harmoniously. Your feelings readily support your intense focus, and you can express yourself in ways that attract profound emotional change and personal regeneration with a steady, powerful intention, leading to deep emotional healing and resilience. --- Excellent! Let's continue with Mercury, the planet of communication, thought, intellect, logic, learning, and nerve. When Mercury forms aspects with other planets, it describes *how* you think, communicate, learn, and process information, and how these functions interact with other areas of your life. We'll focus on the major aspects: **Conjunction, Square, Trine, Opposition, and Sextile.** Remember that the signs and houses involved add crucial layers of meaning. ---"
mercury,venus,conjunction,"Your thinking and communication are intertwined with your sense of love, beauty, and values. You likely express your thoughts charmingly and have a natural ability to articulate what you find pleasing or valuable, making your communication aesthetically refined."
mercury,venus,square,"There's tension between your thinking/communication and your desires for love, beauty, or social harmony. You might find it challenging to express your values clearly, or your thoughts might sometimes clash with what you find attractive or loving, requiring conscious effort to align your mind with your heart's desires."
mercury,venus,trine,"Your mind and your sense of love/beauty are in harmony. You can easily articulate your appreciation for beauty and art, and your thoughts naturally support your social grace, leading to pleasant communication that reflects your aesthetic sense."
mercury,venus,opposition,"Awareness of the interplay between your intellect and your values/relationships is highlighted. You might project your intellectual needs onto others or attract people who help you understand your own communication style in social contexts, leading to a conscious understanding of how your mind serves your relational and aesthetic pursuits."
mercury,venus,sextile,"There's a good opportunity for your mind and your social nature to work together harmoniously. Your thoughts readily support your charm and aesthetic sense, and you can express yourself in ways that are both intelligent and pleasing, leading to enjoyable social interactions. ---"
mercury,mars,conjunction,"Your mind and your drive/energy are fused. You likely think quickly and express yourself assertively, with your thoughts fueling your actions directly. Your intellectual pursuits can be passionate and impulsive."
mercury,mars,square,"This creates tension between your thinking/communication and your drive/energy. You might find it challenging to express your thoughts constructively, leading to arguments, bluntness, or frustration between what you think and how you act. Conscious effort is needed to align your words with your actions."
mercury,mars,trine,"Your mind and your drive are in harmony. You can articulate your intentions clearly and act decisively based on your thoughts, leading to a natural ability to pursue intellectual goals and express your will effectively."
mercury,mars,opposition,"Awareness of the interplay between your intellect and your drive is highlighted. You might project your communicative needs onto others or attract people who help you understand your own assertive thinking style, leading to a conscious understanding of balance between your thoughts and actions, often seen in debate or communication styles."
mercury,mars,sextile,"There's a good opportunity for your mind and your drive to work together harmoniously. Your thoughts readily support your actions, and you can express yourself assertively and effectively when needed, allowing for the natural pursuit of intellectual goals. ---"
mercury,jupiter,conjunction,"Your mind is amplified by optimism, expansion, and a belief in the power of knowledge. You likely have a broad perspective, express yourself generously, and find joy in learning and sharing information, with your intellect naturally leading you towards growth and opportunity."
mercury,jupiter,square,"This creates tension between your thinking/communication and your desire for expansion or belief in good fortune. You might be overly optimistic in your ideas, make grand pronouncements that are difficult to back up, or struggle with finding a balance between your ambitious thoughts and practical execution, requiring conscious effort to temper exaggeration."
mercury,jupiter,trine,"Your mind and your sense of optimism and expansion are in harmony. You can easily articulate your philosophies, have a naturally broad perspective, and your thoughts readily support your pursuit of knowledge and opportunity, leading to clear, insightful, and expansive communication."
mercury,jupiter,opposition,"Awareness of the interplay between your intellect and your desire for growth is highlighted. You might project your intellectual or philosophical needs onto others or attract people who help you understand your own expansive thinking style, leading to a conscious understanding of how your mind and beliefs interact, particularly in communication with others."
mercury,jupiter,sextile,"There's a good opportunity for your mind and your drive for expansion to work together harmoniously. Your thoughts readily support your optimistic outlook, and you can express yourself in ways that attract learning opportunities and intellectual growth with relative ease. ---"
mercury,saturn,conjunction,"Your mind and your sense of discipline, structure, and responsibility are fused. You likely think seriously and logically, with your intellect naturally geared towards building solid foundations and understanding rules. Your communication is often measured and deliberate."
mercury,saturn,square,"This creates tension between your thinking/communication and your need for structure or responsibility. You might find it difficult to express your ideas freely, experience mental blocks, or struggle with articulating complex concepts, requiring conscious effort to overcome limitations and bring clarity to your thoughts and speech."
mercury,saturn,trine,"Your mind and your sense of discipline and responsibility are in harmony. You naturally think and communicate in a structured, mature way, expressing your ideas with clarity and precision, which helps you learn effectively and build lasting knowledge."
mercury,saturn,opposition,"Awareness of the interplay between your intellect and your sense of responsibility is highlighted. You might project your intellectual needs onto others or attract people who help you understand your own communication style in structured environments, leading to a conscious understanding of balance between your thoughts and the responsibilities you face."
mercury,saturn,sextile,"There's a good opportunity for your mind and your drive for structure to work together harmoniously. Your thoughts readily support discipline, and you can express yourself with a steady, responsible demeanor, leading to clarity in communication and effective learning. ---"
mercury,uranus,conjunction,"Your mind and your sense of originality, innovation, and intellectual freedom are fused. You likely think quickly and unconventionally, expressing your ideas with flashes of insight and a rebellious streak, with your intellect naturally drawn to breaking new ground."
mercury,uranus,square,"This creates tension between your thinking/communication and your need for freedom or original expression. You might experience sudden mental blocks, communicate erratically, or struggle to integrate your innovative ideas with practical application, requiring conscious effort to channel your unique thoughts constructively."
mercury,uranus,trine,"Your mind and your originality are in harmony. Your thoughts naturally align with your innovative spirit, and you express yourself in unique and authentic ways, leading to a natural ability to generate novel ideas and communicate them with flair."
mercury,uranus,opposition,"Awareness of the interplay between your intellect and your need for freedom is highlighted. You might project your need for intellectual independence onto others or attract people who represent what's missing in your own unconventional communication style, leading to a conscious understanding of balance between your thoughts and the need for innovation and intellectual autonomy."
mercury,uranus,sextile,"There's a good opportunity for your mind and your drive for innovation to work together harmoniously. Your thoughts readily support your unique spirit, and you can express yourself in ways that attract intellectual breakthroughs and positive change with relative ease. ---"
mercury,neptune,conjunction,"Your mind and your idealism, imagination, and intuitive understanding are fused. You likely think and communicate poetically or spiritually, with your intellect naturally drawn to dreams, artistic expression, and subconscious explorations. Your thoughts can be deeply inspirational but also prone to vagueness."
mercury,neptune,square,"This creates tension between your thinking/communication and your idealistic or spiritual aspirations. You might struggle with clear communication, experience confusion about your ideas, or find your thoughts hindered by unrealistic expectations or escapism, requiring conscious effort to ground your mental processes and discern truth from fantasy."
mercury,neptune,trine,"Your mind and your idealism are in harmony. Your thoughts naturally align with your compassionate and imaginative spirit, and you express yourself with a gentle clarity and intuitive understanding, leading to graceful communication and a natural flow of inspiration."
mercury,neptune,opposition,"Awareness of the interplay between your intellect and your spiritual/idealistic nature is highlighted. You might project your intellectual needs onto others or attract people who help you understand your own dreamy thought processes, leading to a conscious understanding of balance between your mind and your connection to higher realms, particularly in communication."
mercury,neptune,sextile,"There's a good opportunity for your mind and your drive for spiritual connection to work together harmoniously. Your thoughts readily support your intuition and compassion, and you can express yourself in ways that are both inspiring and emotionally authentic, leading to gentle breakthroughs in communication and a sense of mental clarity through inspiration. ---"
mercury,pluto,conjunction,"Your mind and your drive for intense investigation, transformation, and subconscious exploration are fused. You likely think deeply and probe beneath the surface, with your intellect naturally drawn to uncovering hidden truths and possessing a powerful, penetrating mind."
mercury,pluto,square,"This creates tension between your thinking/communication and your drive for power or transformation. You might struggle with blunt communication, have intense mental confrontations, or find your ideas challenged by profound subconscious forces, requiring conscious effort to manage the power dynamics in your thoughts and speech."
mercury,pluto,trine,"Your mind and your drive for transformation are in harmony. Your thoughts naturally align with your ability to investigate and penetrate deeply, and you express your insights with intense focus, leading to a deep capacity for understanding complex issues and bringing about mental regeneration."
mercury,pluto,opposition,"Awareness of the interplay between your intellect and your drive for power or transformation is highlighted. You might project your need for intellectual control onto others or attract people who help you understand your own penetrating thought processes, leading to a conscious understanding of balance between your mind and the forces of deep change and mental regeneration, often seen in intense discussions."
mercury,pluto,sextile,"There's a good opportunity for your mind and your drive for transformation to work together harmoniously. Your thoughts readily support your intense focus, and you can express yourself in ways that attract profound insights and mental regeneration with a steady, powerful intention, leading to deep understanding and the ability to cut through superficiality. --- You're building a comprehensive astrological understanding! Let's focus on the aspects involving **Venus**. Venus represents love, beauty, pleasure, values, attraction, social graces, and our artistic inclinations. When Venus forms aspects with other planets, it describes how these themes interact with different areas of your life and personality. We'll cover the major aspects: **Conjunction, Square, Trine, Opposition, and Sextile.** Keep in mind that the signs and houses provide critical context for each interpretation. ---"
venus,mars,conjunction,"Your desires, love, and aesthetic sense are fused with your drive, energy, and assertiveness. You likely express affection passionately and act on your attractions with enthusiasm, finding pleasure in active pursuits and romantic engagement."
venus,mars,square,"This creates tension between your desires for love/beauty and your drive/action. You might experience frustration in relationships, have conflicting desires for affection versus conquest, or find your actions sometimes sabotaging your romantic pursuits, requiring conscious effort to balance pleasure and passion."
venus,mars,trine,"Your desires and your drive are in harmony. You can express your affections assertively and act on your attractions with healthy enthusiasm, leading to a natural ability to pursue pleasure and enjoy romantic and creative endeavors with balanced energy."
venus,mars,opposition,"Awareness of the interplay between your desires and your drive is highlighted. You might project your Venusian needs onto others or attract people who represent what's missing in your own assertive expression of desire, leading to a conscious understanding of balance between what you want and how you go about getting it, especially in relationships."
venus,mars,sextile,"There's a good opportunity for your desires and your drive to work together harmoniously. Your attractions readily support your actions, and you can express yourself passionately and pursue pleasure effectively, allowing for a natural pursuit of enjoyment and romantic connection. ---"
venus,jupiter,conjunction,"Your sense of love, beauty, and values is amplified by optimism, generosity, and a belief in good fortune. You likely have a charming and gregarious nature, finding pleasure and emotional security in abundance and expansion, with your aesthetic and social inclinations naturally leading you towards fortunate experiences."
venus,jupiter,square,"This creates tension between your desires for love/beauty and your desire for expansion or belief in good fortune. You might overindulge in pleasures, have overly optimistic expectations in relationships, or struggle with finding a balance between your desires for comfort and your outward pursuit of social joy, requiring conscious effort to manage excess and maintain realistic expectations."
venus,jupiter,trine,"Your desires and your sense of optimism and expansion are in harmony. Your appreciation for beauty readily supports your pursuit of happiness and pleasure, and you naturally express yourself with generosity and a hopeful outlook, leading to fortunate social circumstances and a naturally pleasant disposition."
venus,jupiter,opposition,"Awareness of the interplay between your desires and your desire for growth is highlighted. You might project your social or aesthetic needs onto others or attract people who represent what's missing in your own expression of abundance and pleasure, leading to a conscious understanding of how to integrate your inner desires with broader social and life experiences, often influencing relationships."
venus,jupiter,sextile,"There's a good opportunity for your desires and your optimistic outlook to work together harmoniously. Your attractions readily support your pursuit of pleasure, and you can express yourself in ways that attract social joy and fortunate experiences with relative ease. ---"
venus,saturn,conjunction,"Your sense of love, beauty, and values is fused with your sense of discipline, responsibility, and structure. You likely approach relationships with seriousness and a need for commitment, learning about love and beauty through challenges and the accumulation of experience, building lasting foundations for your attractions and values."
venus,saturn,square,"This creates tension between your desires for love/beauty and your need for structure or responsibility. You might find it challenging to express affection freely, experience frustration in relationships, or struggle with balancing pleasure and duty, requiring conscious effort to overcome limitations and build lasting, mature connections."
venus,saturn,trine,"Your desires and your sense of discipline and responsibility are in harmony. You naturally embody a mature appreciation for beauty and enduring relationships, expressing your affections with steady charm and loyalty, which helps you build lasting bonds and a strong sense of commitment."
venus,saturn,opposition,"Awareness of the interplay between your desires and your sense of responsibility is highlighted. You might project your need for structure in relationships onto others or attract people who represent what's missing in your own expression of mature affection, leading to a conscious understanding of balance between your personal attractions and the responsibilities you face in partnerships."
venus,saturn,sextile,"There's a good opportunity for your desires and your drive for structure to work together harmoniously. Your attractions readily support your need for commitment and responsibility, and you can express yourself with a steady, loyal demeanor, leading to mature relationships and the building of lasting foundations in love and beauty. ---"
venus,uranus,conjunction,"Your sense of love, beauty, and values is fused with your originality, rebelliousness, and desire for freedom in relationships and expression. You likely express your affections in unconventional ways and are attracted to unique individuals, with your aesthetic sense driven by innovation and a need for independence in your social life."
venus,uranus,square,"This creates tension between your desires for love/beauty and your need for freedom or original expression. You might experience sudden attractions, unpredictable relationship dynamics, or difficulty in maintaining emotional stability in your affections, requiring conscious effort to integrate sudden change into your romantic and social life."
venus,uranus,trine,"Your desires and your originality are in harmony. Your sense of beauty naturally aligns with your innovative spirit, and you express yourself in unique and authentic ways, leading to a natural ability to attract exciting and unconventional connections and creative opportunities."
venus,uranus,opposition,"Awareness of the interplay between your desires and your need for freedom is highlighted. You might project your need for relational independence onto others or attract people who represent what's missing in your own unconventional expression of love and beauty, leading to a conscious understanding of balance between your personal attractions and the need for independence and innovation in your social life."
venus,uranus,sextile,"There's a good opportunity for your desires and your drive for innovation to work together harmoniously. Your attractions readily support your unique spirit, and you can express yourself in ways that attract exciting social opportunities and positive change with relative ease, leading to vibrant and unconventional relationships. ---"
venus,neptune,conjunction,"Your sense of love, beauty, and values is fused with your idealism, spirituality, and imaginative nature. You likely express your affections with great empathy and charm, with your aesthetic sense and social graces naturally drawn to dreams, artistic expression, and subconscious explorations of beauty and bliss."
venus,neptune,square,"This creates tension between your desires for love/beauty and your idealistic or spiritual aspirations. You might struggle with realistic expectations in relationships, experience confusion about your desires, or find your attractions hindered by unrealistic fantasies or escapism, requiring conscious effort to ground your romantic and aesthetic pursuits."
venus,neptune,trine,"Your desires and your idealism are in harmony. Your sense of beauty naturally aligns with your compassionate and imaginative spirit, and you express yourself with a gentle charm and intuitive appreciation, leading to graceful social interactions and a natural flow of inspiration in your relationships and artistic endeavors."
venus,neptune,opposition,"Awareness of the interplay between your desires and your spiritual/idealistic nature is highlighted. You might project your romantic ideals onto others or attract people who represent what's missing in your own idealistic expression of love and beauty, leading to a conscious understanding of balance between your personal attractions and your connection to higher realms, often influencing romantic relationships."
venus,neptune,sextile,"There's a good opportunity for your desires and your drive for spiritual connection to work together harmoniously. Your attractions readily support your intuition and compassion, and you can express yourself in ways that are both inspiring and genuinely felt, leading to gentle breakthroughs in social grace and a natural flow of artistic and romantic inspiration. ---"
venus,pluto,conjunction,"Your sense of love, beauty, and values is fused with intense passion, transformation, and subconscious desires. You likely express your affections with deep intensity and possess a powerful attraction, with your aesthetic sense and social graces naturally drawn to profound connections and the regeneration of your values, often through confronting and transforming deep-seated desires."
venus,pluto,square,"This creates tension between your desires for love/beauty and your drive for power or transformation. You might struggle with obsessive attractions, experience intense possessiveness in relationships, or find your values challenged by profound subconscious forces, requiring conscious effort to manage the power dynamics in your affections and social interactions."
venus,pluto,trine,"Your desires and your drive for transformation are in harmony. Your sense of beauty naturally aligns with your ability to regenerate and wield personal power in relationships, and you express your affections with intense focus, leading to a deep capacity for transformative love and the ability to create profound beauty through profound change."
venus,pluto,opposition,"Awareness of the interplay between your desires and your drive for relational power or transformation is highlighted. You might project your need for passionate control onto others or attract people who represent what's missing in your own expression of deep attraction, leading to a conscious understanding of balance between your personal attractions and the forces of regeneration and profound change in relationships, often seen in intense connections."
venus,pluto,sextile,"There's a good opportunity for your desires and your drive for transformation to work together harmoniously. Your attractions readily support your intense focus, and you can express yourself in ways that attract profound change and personal regeneration in your social and romantic life with a steady, powerful intention, leading to deep emotional connections and a capacity for transformative beauty. --- Let's continue our exploration by focusing on the aspects involving **Mars!** Mars represents your energy, drive, assertion, passion, aggression, sexuality, and how you take action. When Mars forms aspects with other planets, it describes how these qualities interact with different areas of your life and other personality functions. We'll cover the major aspects: **Conjunction, Square, Trine, Opposition, and Sextile.** Remember that the signs and houses involved add crucial layers of meaning. ---"
mars,jupiter,conjunction,"Your drive, energy, and assertiveness are amplified by optimism, expansion, and a belief in good fortune. You likely have a bold, energetic approach to life and pursue your goals with enthusiasm and confidence, finding pleasure in action and growth."
mars,jupiter,square,"This creates tension between your drive/action and your desire for expansion or belief in good fortune. You might overextend yourself, be overly optimistic about your capabilities, or struggle with finding a balance between your ambitions and practical execution, requiring conscious effort to temper excess and direct your energy effectively."
mars,jupiter,trine,"Your drive and your sense of optimism and expansion are in harmony. Your energy readily fuels your pursuit of growth and opportunity, and you naturally act with confidence and generosity, leading to fortunate circumstances and a natural ability to achieve your goals with abundant energy."
mars,jupiter,opposition,"Awareness of the interplay between your drive and your desire for growth is highlighted. You might project your ambitious urges onto others or attract people who represent what's missing in your own expansive actions, leading to a conscious understanding of balance between your personal will and broader life philosophies, particularly in how you interact with others to achieve goals."
mars,jupiter,sextile,"There's a good opportunity for your drive and your optimistic outlook to work together harmoniously. Your energy readily supports your pursuit of happiness and growth, and you can take action in ways that attract fortunate experiences and opportunities with relative ease, leading to dynamic progress. ---"
mars,saturn,conjunction,"Your drive, energy, and assertiveness are fused with your sense of discipline, responsibility, and structure. You likely approach your goals with seriousness and a strong sense of duty, learning about action through challenges and the accumulation of experience, building a solid foundation for your ambitions."
mars,saturn,square,"This creates tension between your drive/action and your need for structure or responsibility. You might find it difficult to initiate action, experience frustration with delays, or struggle with self-discipline, requiring conscious effort to overcome limitations and direct your energy constructively towards your goals."
mars,saturn,trine,"Your drive and your sense of discipline and responsibility are in harmony. You naturally act with steady determination and express your will effectively, which helps you build lasting achievements and a strong sense of purpose through focused effort."
mars,saturn,opposition,"Awareness of the interplay between your drive and your sense of responsibility is highlighted. You might project your need for action onto others or attract people who represent what's missing in your own assertive expression, leading to a conscious understanding of balance between your personal will and the responsibilities you face in achieving your goals."
mars,saturn,sextile,"There's a good opportunity for your drive and your drive for structure to work together harmoniously. Your energy readily supports your need for discipline, and you can act with a steady, responsible demeanor, leading to effective action and the building of lasting foundations for your ambitions. ---"
mars,uranus,conjunction,"Your drive, energy, and assertiveness are fused with your originality, rebelliousness, and desire for freedom in action. You likely act quickly and unconventionally, expressing your will with flashes of innovative energy, with your pursuits driven by sudden urges and a need for independence."
mars,uranus,square,"This creates tension between your drive/action and your need for freedom or original expression. You might experience impulsive actions, difficulty in maintaining control over your energy, or sudden disruptions to your plans, requiring conscious effort to integrate sudden change into your pursuits and manage sudden urges."
mars,uranus,trine,"Your drive and your originality are in harmony. Your energy naturally aligns with your innovative spirit, and you express yourself in unique and authentic ways, leading to a natural ability to adapt to change and pursue your goals with inspired energy."
mars,uranus,opposition,"Awareness of the interplay between your drive and your need for freedom is highlighted. You might project your need for assertive independence onto others or attract people who represent what's missing in your own unconventional approach to action, leading to a conscious understanding of balance between your personal will and the need for freedom and innovation in your pursuits."
mars,uranus,sextile,"There's a good opportunity for your drive and your drive for innovation to work together harmoniously. Your energy readily supports your unique spirit, and you can take action in ways that attract exciting opportunities and positive change with relative ease, leading to dynamic progress and the realization of innovative ideas. ---"
mars,neptune,conjunction,"Your drive, energy, and assertiveness are fused with your idealism, spirituality, and imaginative nature. You likely express your passions with empathy and intuition, with your energy naturally drawn to dreams, artistic expression, and subconscious motivations. Your actions can be inspirational but also prone to vagueness or idealism."
mars,neptune,square,"This creates tension between your drive/action and your idealistic or spiritual aspirations. You might struggle with clear motivation, experience frustration due to unrealistic expectations, or find your actions hindered by confusion or escapism, requiring conscious effort to ground your pursuits and direct your energy constructively towards tangible goals."
mars,neptune,trine,"Your drive and your idealism are in harmony. Your energy naturally aligns with your compassionate and imaginative spirit, and you express yourself with a gentle assertiveness and intuitive direction, leading to graceful action and a natural flow of inspired movement."
mars,neptune,opposition,"Awareness of the interplay between your drive and your spiritual/idealistic nature is highlighted. You might project your desires for action onto others or attract people who represent what's missing in your own idealistic expression of drive, leading to a conscious understanding of balance between your personal will and your connection to higher realms, particularly in how you pursue your goals."
mars,neptune,sextile,"There's a good opportunity for your drive and your drive for spiritual connection to work together harmoniously. Your energy readily supports your intuition and compassion, and you can take action in ways that are both inspiring and genuinely felt, leading to gentle breakthroughs in motivated action and a sense of purpose through inspired movement. ---"
mars,pluto,conjunction,"Your drive, energy, and assertiveness are fused with intense power, transformation, and subconscious urges. You likely possess a powerful will and a forceful presence, with your actions naturally drawn to profound change and the regeneration of your life, often through confronting and transforming deep-seated power dynamics."
mars,pluto,square,"This creates tension between your drive/action and your drive for power or transformation. You might struggle with aggression, experience intense power struggles, or find your actions challenged by profound subconscious forces, requiring conscious effort to manage the power dynamics in your pursuits and direct your intense energy constructively."
mars,pluto,trine,"Your drive and your drive for transformation are in harmony. Your energy naturally aligns with your ability to regenerate and wield personal power, and you act with intense focus, leading to a deep capacity for purposeful action and the ability to bring about profound change through sustained effort."
mars,pluto,opposition,"Awareness of the interplay between your drive and your drive for power or transformation is highlighted. You might project your need for assertive control onto others or attract people who represent what's missing in your own expression of powerful action, leading to a conscious understanding of balance between your personal will and the forces of regeneration and deep change, often seen in intense collaborations or confrontations."
mars,pluto,sextile,"There's a good opportunity for your drive and your drive for transformation to work together harmoniously. Your energy readily supports your intense focus, and you can take action in ways that attract profound change and personal regeneration with a steady, powerful intention, leading to deep personal power and the ability to achieve significant transformations. --- Let's continue our astrological journey by examining the aspects involving **Jupiter!** Jupiter represents expansion, luck, optimism, wisdom, higher learning, philosophy, and abundance. When Jupiter forms aspects with other planets, it describes how these themes of growth, opportunity, and optimism interact with different areas of your life and personality. We'll cover the major aspects: **Conjunction, Square, Trine, Opposition, and Sextile.** Remember, the signs and houses involved provide critical context for each interpretation. ---"
jupiter,saturn,conjunction,"This brings together expansion and structure, optimism and discipline. Your desires for growth are tempered by responsibility, and you have the capacity for ambitious, long-term projects. There's a potential for both immense achievement and significant challenges if these energies aren't balanced."
jupiter,saturn,square,"Tension arises between your desire for expansion and the need for structure or limitations. You might overextend yourself, face obstacles to your ambitions, or struggle with balancing optimism with realism. Conscious effort is needed to integrate your expansive dreams with practical realities and responsible planning."
jupiter,saturn,trine,"Your desires for growth and your innate sense of structure and discipline are in harmony. You naturally approach ambitions with a blend of optimism and realism, leading to steady progress and the ability to build lasting achievements. Your discipline supports your expansive goals."
jupiter,saturn,opposition,"Awareness of the interplay between expansion and limitation is highlighted. You might project your desires for growth onto others or attract people who represent what's missing in your own sense of structure, leading to a conscious understanding of how to balance ambition with responsibility, often seen in work or authority relationships."
jupiter,saturn,sextile,"There's a good opportunity for your expansive spirit and your need for structure to work together harmoniously. Your optimism readily supports your disciplined efforts, and you can take action in ways that attract both growth and stability with relative ease, leading to steady advancement. ---"
jupiter,uranus,conjunction,"Your desire for expansion, optimism, and growth is fused with originality, innovation, and a need for freedom. You likely have a forward-thinking perspective and embrace change, finding opportunity in unexpected places and expressing your beliefs in unconventional ways."
jupiter,uranus,square,"This creates tension between your desire for expansion and your need for freedom or original expression. You might experience impulsive urges for growth, have overly optimistic expectations about change, or struggle with integrating sudden disruptions into your long-term plans, requiring conscious effort to manage innovation and freedom within your pursuits."
jupiter,uranus,trine,"Your desire for expansion and your originality are in harmony. Your optimistic spirit readily supports your innovative endeavors, and you naturally embrace change and express your beliefs in unique ways, leading to opportunities through unexpected avenues and exciting personal growth."
jupiter,uranus,opposition,"Awareness of the interplay between your desire for growth and your need for freedom is highlighted. You might project your need for independence onto others or attract people who represent what's missing in your own unconventional expression of opportunity, leading to a conscious understanding of balance between your personal ambitions and the need for innovation and intellectual autonomy in your life."
jupiter,uranus,sextile,"There's a good opportunity for your expansive spirit and your drive for innovation to work together harmoniously. Your optimism readily supports your unique interests, and you can take action in ways that attract exciting opportunities and positive change with relative ease, leading to dynamic progress and the realization of forward-thinking ideas. ---"
jupiter,neptune,conjunction,"Your desire for expansion, optimism, and growth is fused with idealism, spirituality, and imagination. You likely have a compassionate and hopeful outlook, finding pleasure and inspiration in spiritual pursuits and artistic expression, with your expansive nature naturally drawn to dreams and subconscious explorations."
jupiter,neptune,square,"This creates tension between your desire for expansion and your idealistic or spiritual aspirations. You might have overly optimistic expectations about spiritual matters, struggle with grounding your dreams, or find your pursuits hindered by confusion or escapism, requiring conscious effort to bring clarity and structure to your idealistic endeavors."
jupiter,neptune,trine,"Your desire for expansion and your idealism are in harmony. Your optimistic spirit readily supports your compassionate and imaginative nature, and you naturally express yourself with a graceful hopefulness and intuitive understanding, leading to inspiring opportunities and a gentle flow of benevolent energy."
jupiter,neptune,opposition,"Awareness of the interplay between your desire for growth and your spiritual/idealistic nature is highlighted. You might project your optimistic dreams onto others or attract people who represent what's missing in your own idealistic expression, leading to a conscious understanding of balance between your personal pursuits and your connection to higher realms, particularly in how you seek meaning and inspiration."
jupiter,neptune,sextile,"There's a good opportunity for your expansive spirit and your drive for spiritual connection to work together harmoniously. Your optimism readily supports your intuition and compassion, and you can take action in ways that attract inspiration and benevolent opportunities with relative ease, leading to beneficial insights and a sense of guiding grace. ---"
jupiter,pluto,conjunction,"Your desire for expansion, optimism, and growth is fused with intense power, transformation, and subconscious drives. You likely possess a powerful drive for change and a strong belief in your ability to impact profound regeneration, with your expansive nature naturally drawn to confronting and transforming deep-seated structures and wielding significant influence."
jupiter,pluto,square,"This creates tension between your desire for expansion and your drive for power or transformation. You might have overly ambitious plans that clash with your desire for control, experience intense power struggles in your pursuit of goals, or find your growth hindered by profound subconscious forces, requiring conscious effort to manage the power dynamics in your ambitions and direct your intense drive constructively."
jupiter,pluto,trine,"Your desire for expansion and your drive for transformation are in harmony. Your optimistic spirit readily supports your ability to regenerate and wield personal power, and you act with intense focus, leading to a deep capacity for purposeful action and the ability to bring about profound, beneficial change through sustained effort and a powerful vision."
jupiter,pluto,opposition,"Awareness of the interplay between your desire for growth and your drive for power or transformation is highlighted. You might project your ambitious urges onto others or attract people who represent what's missing in your own expression of transformative power, leading to a conscious understanding of balance between your personal will and the forces of regeneration and deep change, often seen in influential relationships or collaborations."
jupiter,pluto,sextile,"There's a good opportunity for your expansive spirit and your drive for transformation to work together harmoniously. Your optimism readily supports your intense focus, and you can take action in ways that attract profound personal growth and regeneration with a steady, powerful intention, leading to significant achievements and the ability to impact deep, positive change. --- Let's continue our detailed exploration of astrological aspects by focusing on **Saturn!** Saturn represents structure, discipline, responsibility, limitations, challenges, karma, and long-term goals. When Saturn forms aspects with other planets, it describes how these themes of structure, responsibility, and lessons learned interact with different areas of your life and personality. We'll cover the major aspects: **Conjunction, Square, Trine, Opposition, and Sextile.** Remember that the signs and houses involved add crucial layers of meaning. ---"
saturn,uranus,conjunction,"Your sense of structure and discipline is fused with your drive for innovation and freedom. You might have a disciplined approach to change or a rebellious desire for order, learning about yourself through balancing tradition with progress, and building lasting structures that incorporate original ideas."
saturn,uranus,square,"This creates tension between your need for structure and your desire for freedom or innovation. You might struggle with implementing new ideas, face obstacles to your unconventional pursuits, or find your disciplined approach challenged by sudden disruptions, requiring conscious effort to integrate change into established routines and find innovative solutions to limitations."
saturn,uranus,trine,"Your sense of structure and your originality are in harmony. Your disciplined approach readily supports your innovative spirit, and you can integrate change and new ideas with your existing frameworks, leading to steady progress and the creation of practical, yet novel, solutions."
saturn,uranus,opposition,"Awareness of the interplay between your need for structure and your desire for freedom is highlighted. You might project your need for order onto others or attract people who represent what's missing in your own unconventional expression, leading to a conscious understanding of balance between your personal will and the need for independence and innovation, often seen in how you relate to societal structures."
saturn,uranus,sextile,"There's a good opportunity for your disciplined nature and your drive for innovation to work together harmoniously. Your sense of responsibility readily supports your unique spirit, and you can approach change and new ideas with a structured, practical mindset, leading to the effective implementation of progress and the creation of lasting, innovative structures. ---"
saturn,neptune,conjunction,"Your sense of structure, discipline, and responsibility is fused with your idealism, spirituality, and imagination. You likely approach your goals with a serious, dedicated focus, learning about your dreams and spiritual aspirations through challenges and the accumulation of experience, building a tangible foundation for your higher ideals."
saturn,neptune,square,"This creates tension between your need for structure and your idealistic or spiritual aspirations. You might struggle with grounding your dreams, find your disciplined efforts thwarted by confusion or illusion, or experience frustration between what you believe is possible and what seems realistic, requiring conscious effort to bring clarity and reality to your spiritual or artistic pursuits."
saturn,neptune,trine,"Your sense of structure and your idealism are in harmony. Your disciplined approach readily supports your spiritual and imaginative nature, and you can express your lofty ideas with a grounded, reliable quality, leading to the manifestation of inspiring visions and a stable connection to your inner world."
saturn,neptune,opposition,"Awareness of the interplay between your need for structure and your spiritual/idealistic nature is highlighted. You might project your need for grounded dreams onto others or attract people who represent what's missing in your own idealistic expression, leading to a conscious understanding of balance between your personal responsibilities and your connection to higher realms, particularly in how you manifest inspiration."
saturn,neptune,sextile,"There's a good opportunity for your disciplined nature and your drive for spiritual connection to work together harmoniously. Your sense of responsibility readily supports your intuition and compassion, and you can approach your ideals with a steady, practical demeanor, leading to the inspired manifestation of dreams and a more grounded spiritual path. ---"
saturn,pluto,conjunction,"Your sense of structure, discipline, and responsibility is fused with intense power, transformation, and subconscious drives. You likely approach your goals with a serious, determined focus and possess a powerful inner will to build lasting structures through profound change, learning about yourself through overcoming intense challenges and regenerating your foundations."
saturn,pluto,square,"This creates tension between your need for structure and your drive for power or transformation. You might struggle with control issues, experience intense power struggles in your pursuit of goals, or find your disciplined efforts challenged by profound subconscious forces, requiring conscious effort to manage the power dynamics in your ambitions and direct your intense drive constructively towards constructive change."
saturn,pluto,trine,"Your sense of structure and your drive for transformation are in harmony. Your disciplined approach readily supports your ability to regenerate and wield personal power, and you act with intense focus, leading to a deep capacity for purposeful action and the ability to bring about profound, lasting change through sustained effort and determined regeneration."
saturn,pluto,opposition,"Awareness of the interplay between your need for structure and your drive for power or transformation is highlighted. You might project your need for control onto others or attract people who represent what's missing in your own expression of transformative power, leading to a conscious understanding of balance between your personal responsibilities and the forces of regeneration and deep change, often seen in powerful relationships or collaborations where you learn to manage intensity."
saturn,pluto,sextile,"There's a good opportunity for your disciplined nature and your drive for transformation to work together harmoniously. Your sense of responsibility readily supports your intense focus, and you can take action in ways that attract profound personal growth and regeneration with a steady, powerful intention, leading to the deep mastery of challenging situations and the ability to bring about lasting, meaningful transformations. ---"
uranus,neptune,conjunction,"Your idealism, spirituality, and imagination are fused with your originality, rebellion, and desire for freedom. You likely approach life with a visionary, inspired, and unconventional perspective, with your subconscious and spiritual world marked by sudden awakenings and a desire to transcend limitations through collective ideals."
uranus,neptune,square,"This creates tension between your idealism/imagination and your need for freedom or original expression. You might struggle with grounding your dreams, experience confusion between inspiration and illusion, or find your spiritual or artistic pursuits challenged by sudden disruptions, requiring conscious effort to integrate sudden change into your idealistic world."
uranus,neptune,trine,"Your idealism and your originality are in harmony. Your imaginative spirit readily supports your innovative endeavors, and you naturally express yourself in unique and authentic ways, leading to inspired creativity and a natural flow of benevolent energy that bridges the mundane and the mystical."
uranus,neptune,opposition,"Awareness of the interplay between your idealism and your need for freedom is highlighted. You might project your need for visionary expression onto others or attract people who represent what's missing in your own unconventional idealistic pursuits, leading to a conscious understanding of balance between your personal dreams and the need for innovative breakthroughs in your spiritual or artistic life."
uranus,neptune,sextile,"There's a good opportunity for your idealistic spirit and your drive for spiritual connection to work together harmoniously. Your imagination readily supports your unique interests, and you can approach inspiration with a natural flow, leading to inspired creativity and the manifestation of benevolent intentions with relative ease. ---"
uranus,pluto,conjunction,"Your drive for innovation, freedom, and rebellion is fused with intense power, transformation, and subconscious urges. You likely possess a unique will and a rebellious spirit, with your approach to change marked by sudden, profound shifts and a desire to revolutionize existing structures, often through confronting and transforming deep-seated power dynamics."
uranus,pluto,square,"This creates tension between your need for freedom and your drive for power or transformation. You might struggle with intense power struggles, experience sudden disruptions to your pursuit of goals, or find your unconventional ideas challenged by profound subconscious forces, requiring conscious effort to manage the power dynamics in your pursuit of change and direct your rebellious energy constructively."
uranus,pluto,trine,"Your drive for innovation and your drive for transformation are in harmony. Your unique spirit readily supports your ability to regenerate and wield personal power, and you act with intense focus, leading to a deep capacity for purposeful, transformative action and the ability to bring about profound, lasting change through revolutionary means."
uranus,pluto,opposition,"Awareness of the interplay between your need for freedom and your drive for power or transformation is highlighted. You might project your need for independence onto others or attract people who represent what's missing in your own expression of transformative power, leading to a conscious understanding of balance between your personal will and the forces of regeneration and deep change, often seen in intense, life-altering relationships or collaborations."
uranus,pluto,sextile,"There's a good opportunity for your drive for innovation and your drive for transformation to work together harmoniously. Your unique spirit readily supports your intense focus, and you can take action in ways that attract profound personal growth and regeneration with a steady, powerful intention, leading to the deep mastery of disruptive forces and the ability to bring about lasting, revolutionary change. ---"
neptune,pluto,conjunction,"Your idealism, spirituality, and imagination are fused with intense power, transformation, and subconscious drives. You likely approach life with a deeply spiritual and imaginative perspective, with your subconscious world marked by profound, often unseen, transformations and a desire to dissolve personal boundaries for collective spiritual awakening."
neptune,pluto,square,"This creates tension between your idealism/imagination and your drive for power or transformation. You might struggle with grounding your spiritual beliefs, experience confusion due to intense subconscious forces, or find your pursuits challenged by profound power dynamics, requiring conscious effort to integrate your spiritual yearnings with the realities of transformation and personal power."
neptune,pluto,trine,"Your idealism and your drive for transformation are in harmony. Your imaginative spirit readily supports your ability to regenerate and wield personal power, and you naturally approach profound change with a spiritual and intuitive grace, leading to inspired transformations and a deep capacity to bring about profound, often mystical, regeneration."
neptune,pluto,opposition,"Awareness of the interplay between your idealism and your drive for power or transformation is highlighted. You might project your spiritual dreams onto others or attract people who represent what's missing in your own expression of transformative power, leading to a conscious understanding of balance between your personal aspirations and the forces of regeneration and deep change, often seen in intense relationships where the mundane and mystical collide."
neptune,pluto,sextile,"There's a good opportunity for your idealistic spirit and your drive for transformation to work together harmoniously. Your imagination readily supports your intense focus, and you can approach profound change with a natural flow, leading to inspired regeneration and the ability to bring about meaningful, often deeply spiritual, transformations with relative ease. ---"
