sun_sign,rising_sign,title,interpretation
aries,aries,Aries Sun / Aries Rising,"Your core Aries identity and outward persona are fully aligned. You appear as a pioneering, energetic, and assertive individual who leads with confidence."
aries,taurus,Aries Sun / Taurus Rising,"Your ambitious Aries Sun is tempered by a grounded, persistent Taurus rising. You might appear more steady and sensually aware than a typical Aries, but your drive is still present, focused on tangible results."
aries,gemini,Aries Sun / Gemini Rising,"Your fiery Aries Sun is expressed through a quick-witted, communicative Gemini rising. You appear adaptable, curious, and lively, with your assertive drive channeled into mental pursuits and social interaction."
aries,cancer,Aries Sun / Cancer Rising,"Your direct Aries Sun is softened by a nurturing, sensitive Cancer rising. You might appear protective and caring, but your core drive is still pioneering and initiating. People might see your warmth first, then your underlying assertiveness."
aries,leo,Aries Sun / Leo Rising,"Your Aries Sun is amplified by a bold, charismatic Leo rising. You appear as a natural leader with immense vitality and a strong desire to shine and express yourself creatively. Both energies are strong initiators."
aries,virgo,Aries Sun / Virgo Rising,"Your direct Aries Sun is expressed through a meticulous, practical Virgo rising. You might appear more analytical and detail-oriented, but your core drive is still about taking action and initiating. The Virgo rising helps refine the Aries impulse."
aries,libra,Aries Sun / Libra Rising,"Your assertive Aries Sun is balanced by a diplomatic, relationship-oriented Libra rising. You appear more concerned with fairness and harmony, but your core drive is still to initiate and lead. The Libra rising helps you consider others in your actions."
aries,scorpio,Aries Sun / Scorpio Rising,"Your Aries Sun is intensified by a powerful, probing Scorpio rising. You appear as someone with a deep, magnetic intensity and a formidable will, driven to transform and assert yourself with potent force."
aries,sagittarius,Aries Sun / Sagittarius Rising,"Your Aries Sun is amplified by an optimistic, expansive Sagittarius rising. You appear enthusiastic, adventurous, and freedom-loving, with your pioneering spirit focused on exploration and philosophical growth."
aries,capricorn,Aries Sun / Capricorn Rising,"Your direct Aries Sun is channeled through a disciplined, responsible Capricorn rising. You might appear more serious and goal-oriented, with your pioneering drive focused on long-term achievement and building lasting structures."
aries,aquarius,Aries Sun / Aquarius Rising,"Your Aries Sun is expressed through an unconventional, innovative Aquarius rising. You appear unique, independent, and forward-thinking, with your initiative directed towards intellectual pursuits and social change."
aries,pisces,Aries Sun / Pisces Rising,"Your assertive Aries Sun is softened by a compassionate, intuitive Pisces rising. You might appear more empathetic and artistic, but your core drive is still to initiate and express yourself with passion. The Pisces rising can add a layer of idealism to your actions. ---"
taurus,aries,Taurus Sun / Aries Rising,"Your steady Taurus Sun is projected through a dynamic Aries rising. You might appear impulsive and energetic initially, but your underlying core is about building security and value through persistent effort. The Aries rising fuels the Taurus drive."
taurus,taurus,Taurus Sun / Taurus Rising,"Your core Taurus essence and outward presentation are aligned. You appear grounded, steady, sensual, and value-driven, with a persistent and appreciative nature."
taurus,gemini,Taurus Sun / Gemini Rising,"Your grounded Taurus Sun is expressed through a curious, communicative Gemini rising. You might appear adaptable and social, but your core motivation is still about stability and tangible results, which you might communicate about or seek through diverse means."
taurus,cancer,Taurus Sun / Cancer Rising,"Your steady Taurus Sun is softened by a nurturing Cancer rising. You might appear more emotionally responsive and security-oriented, with your core desire for stability finding expression through caring for others and creating a comfortable home."
taurus,leo,Taurus Sun / Leo Rising,"Your grounded Taurus Sun is amplified by a charismatic Leo rising. You might appear more outwardly expressive and confident, with your appreciation for beauty and value finding expression through creative and generous means. Your steady nature is paired with a desire to shine."
taurus,virgo,Taurus Sun / Virgo Rising,"Your steady Taurus Sun is expressed through a meticulous Virgo rising. You might appear more analytical and detail-oriented, but your core desire for security and tangible results remains strong. The Virgo rising helps refine your practical approach to value."
taurus,libra,Taurus Sun / Libra Rising,"Your grounded Taurus Sun is balanced by a diplomatic Libra rising. You might appear more focused on relationships and fairness, but your core motivation is still about stability and building value. The Libra rising helps you seek harmonious ways to express your appreciation."
taurus,scorpio,Taurus Sun / Scorpio Rising,"Your steady Taurus Sun is intensified by a powerful, probing Scorpio rising. You might appear deeply driven and focused on transforming your resources and values with unwavering intensity. Your determination is profound and focused on lasting security."
taurus,sagittarius,Taurus Sun / Sagittarius Rising,"Your grounded Taurus Sun is projected through an optimistic, expansive Sagittarius rising. You might appear more adventurous and philosophical, but your core desire is for stability and tangible results, which you seek through broader exploration and learning."
taurus,capricorn,Taurus Sun / Capricorn Rising,"Your steady Taurus Sun is amplified by a disciplined Capricorn rising. You might appear highly ambitious and responsible, with your appreciation for lasting value finding expression through structured goals and tangible achievements. Both are earth signs focused on building."
taurus,aquarius,Taurus Sun / Aquarius Rising,"Your grounded Taurus Sun is expressed through an unconventional Aquarius rising. You might appear unique and intellectually driven, but your core desire is for stability and tangible value, which you seek through innovative means or future-oriented plans."
taurus,pisces,Taurus Sun / Pisces Rising,"Your steady Taurus Sun is softened by a compassionate, intuitive Pisces rising. You might appear more artistic and sensitive, but your core desire for security and lasting value remains. The Pisces rising can add a dreamy, artistic quality to your appreciation of beauty and comfort. ---"
gemini,aries,Gemini Sun / Aries Rising,"Your adaptable Gemini Sun is projected through a dynamic Aries rising. You might appear energetic and assertive initially, but your core is restless and communicative. Your drive is channeled into quick action and initiating conversations."
gemini,taurus,Gemini Sun / Taurus Rising,"Your curious Gemini Sun is grounded by a steady Taurus rising. You might appear more patient and appreciative of comfort, but your core is still about gathering information and communicating diverse ideas, perhaps in a more deliberate way."
gemini,gemini,Gemini Sun / Gemini Rising,"Your core Gemini essence and outward presentation are aligned. You appear quick-witted, communicative, adaptable, and curious. Your mind and social interactions are your primary tools for engaging with the world."
gemini,cancer,Gemini Sun / Cancer Rising,"Your adaptable Gemini Sun is softened by a nurturing Cancer rising. You might appear more emotionally responsive and sensitive, but your core is still about gathering and sharing information, perhaps with a more empathetic and caring tone."
gemini,leo,Gemini Sun / Leo Rising,"Your communicative Gemini Sun is amplified by a charismatic Leo rising. You might appear as a confident and engaging storyteller, with your intellectual curiosity finding expression through creative and expressive means. Your social energy is high."
gemini,virgo,Gemini Sun / Virgo Rising,"Your curious Gemini Sun is expressed through a meticulous Virgo rising. You might appear more analytical and detail-oriented, but your core is still about gathering and processing information, perhaps with a focus on accuracy and efficiency."
gemini,libra,Gemini Sun / Libra Rising,"Your communicative Gemini Sun is balanced by a diplomatic Libra rising. You might appear more focused on fairness and relationships, but your core is still about exchanging ideas and connecting through conversation. Your communication is likely charming and considerate."
gemini,scorpio,Gemini Sun / Scorpio Rising,"Your adaptable Gemini Sun is intensified by a powerful, probing Scorpio rising. You might appear as someone with a deep and investigative mind, driven to uncover hidden meanings and communicate with intensity. Your curiosity has a powerful, transformative edge."
gemini,sagittarius,Gemini Sun / Sagittarius Rising,"Your communicative Gemini Sun is amplified by an optimistic, expansive Sagittarius rising. You appear enthusiastic and philosophical, with your intellectual curiosity extending to broad horizons and a desire to share knowledge. Both are focused on ideas and exploration."
gemini,capricorn,Gemini Sun / Capricorn Rising,"Your adaptable Gemini Sun is channeled through a disciplined Capricorn rising. You might appear more serious and strategic in your communication, but your core is still about gathering and processing information, perhaps with a focus on practical application and long-term goals."
gemini,aquarius,Gemini Sun / Aquarius Rising,"Your communicative Gemini Sun is aligned with an innovative Aquarius rising. You appear intellectual, original, and forward-thinking, with your natural curiosity and communication skills focused on progressive ideas and societal change."
gemini,pisces,Gemini Sun / Pisces Rising,"Your adaptable Gemini Sun is softened by a compassionate Pisces rising. You might appear more intuitive and artistic in your communication, but your core is still about gathering and sharing information, perhaps with a focus on emotional depth and creative expression. ---"
cancer,aries,Cancer Sun / Aries Rising,"Your nurturing Cancer Sun is projected through a dynamic Aries rising. You might appear assertive and initiating initially, but your core is deeply emotional and security-oriented. Your actions are often driven by a need to protect what you love."
cancer,taurus,Cancer Sun / Taurus Rising,"Your emotional Cancer Sun is grounded by a steady Taurus rising. You might appear more patient and sensually appreciative, but your core is still about creating emotional security and comfort, which you express through stable and comforting means."
cancer,gemini,Cancer Sun / Gemini Rising,"Your emotional Cancer Sun is expressed through a curious, communicative Gemini rising. You might appear adaptable and social, but your core is still about gathering and sharing information with a sensitive touch. Your emotions can influence your communication style."
cancer,cancer,Cancer Sun / Cancer Rising,"Your core Cancer essence and outward presentation are aligned. You appear nurturing, sensitive, emotional, and deeply connected to home and family. Your feelings and desire for security are very apparent."
cancer,leo,Cancer Sun / Leo Rising,"Your nurturing Cancer Sun is amplified by a charismatic Leo rising. You might appear more outgoing and expressive, but your core desire is for emotional connection and security, which you express through warmth and a desire to care for those around you, often with a creative flair."
cancer,virgo,Cancer Sun / Virgo Rising,"Your emotional Cancer Sun is expressed through a meticulous Virgo rising. You might appear more analytical and detail-oriented, but your core is still about nurturing and providing emotional security, perhaps in a more practical or helpful way."
cancer,libra,Cancer Sun / Libra Rising,"Your emotional Cancer Sun is balanced by a diplomatic Libra rising. You might appear more focused on harmony and relationships, but your core is still about emotional connection and security, which you seek through creating pleasant and balanced interactions."
cancer,scorpio,Cancer Sun / Scorpio Rising,"Your emotional Cancer Sun is intensified by a powerful, probing Scorpio rising. You might appear as someone with deep emotional intensity and a powerful will to protect those you care about. Your emotional needs are profound and drive your actions."
cancer,sagittarius,Cancer Sun / Sagittarius Rising,"Your emotional Cancer Sun is projected through an optimistic, expansive Sagittarius rising. You might appear more adventurous and philosophical, but your core desire is for emotional security and connection, which you seek through exploring beliefs and sharing experiences, perhaps with a strong emotional component."
cancer,capricorn,Cancer Sun / Capricorn Rising,"Your emotional Cancer Sun is channeled through a disciplined Capricorn rising. You might appear more serious and responsible, but your core is still about nurturing and emotional security, which you express through building stable family structures and taking on duties with care."
cancer,aquarius,Cancer Sun / Aquarius Rising,"Your emotional Cancer Sun is expressed through an unconventional Aquarius rising. You might appear unique and intellectual, but your core is still about emotional connection and security, which you seek through original approaches to relationships and home. Your emotional needs might be expressed in less conventional ways."
cancer,pisces,Cancer Sun / Pisces Rising,"Your emotional Cancer Sun is aligned with a compassionate Pisces rising. You appear deeply intuitive, empathetic, and spiritual, with your nurturing core finding expression through a gentle, artistic, and deeply feeling outer self. ---"
leo,aries,Leo Sun / Aries Rising,"Your charismatic Leo Sun is projected through a dynamic Aries rising. You appear energetic and initiating, with your core drive for leadership and self-expression amplified by Aries's pioneering spirit."
leo,taurus,Leo Sun / Taurus Rising,"Your vibrant Leo Sun is grounded by a steady Taurus rising. You might appear more patient and appreciative of comfort, but your core is still about creative expression and shining, which you do with a persistent and devoted approach."
leo,gemini,Leo Sun / Gemini Rising,"Your expressive Leo Sun is communicated through a witty Gemini rising. You appear lively, communicative, and adaptable, with your core desire to shine finding expression through engaging conversation and sharing your creative ideas."
leo,cancer,Leo Sun / Cancer Rising,"Your warm Leo Sun is softened by a nurturing Cancer rising. You might appear more caring and emotionally responsive, but your core is still about radiating warmth and seeking appreciation, often expressed through generous acts of kindness."
leo,leo,Leo Sun / Leo Rising,"Your core Leo essence and outward presentation are aligned. You appear radiant, confident, creative, and dramatic, with a natural leadership quality and a desire to shine."
leo,virgo,Leo Sun / Virgo Rising,"Your expressive Leo Sun is channeled through a meticulous Virgo rising. You might appear more analytical and detail-oriented, but your core is still about creative expression and making a vibrant impact, perhaps by refining your artistic talents."
leo,libra,Leo Sun / Libra Rising,"Your warm Leo Sun is balanced by a diplomatic Libra rising. You might appear more focused on harmony and relationships, but your core desire is to express yourself creatively and be appreciated. Your social interactions are likely charming and considerate."
leo,scorpio,Leo Sun / Scorpio Rising,"Your vibrant Leo Sun is intensified by a powerful, probing Scorpio rising. You might appear as someone with deep intensity and a magnetic presence, driven to transform and express your passions with formidable force. Your creative drive has a powerful edge."
leo,sagittarius,Leo Sun / Sagittarius Rising,"Your expressive Leo Sun is amplified by an optimistic, expansive Sagittarius rising. You appear enthusiastic and freedom-loving, with your core desire to shine finding expression through exploration, learning, and sharing inspiring ideas."
leo,capricorn,Leo Sun / Capricorn Rising,"Your vibrant Leo Sun is channeled through a disciplined Capricorn rising. You might appear highly ambitious and responsible, but your core desire is to express yourself creatively and shine, which you do with a focus on achieving long-term goals and building a respected position."
leo,aquarius,Leo Sun / Aquarius Rising,"Your expressive Leo Sun is projected through an unconventional Aquarius rising. You might appear unique and intellectual, but your core is still about creative self-expression and shining, which you do in original ways, often with a humanitarian bent."
leo,pisces,Leo Sun / Pisces Rising,"Your warm Leo Sun is softened by a compassionate Pisces rising. You might appear more intuitive and artistic, but your core is still about radiating warmth and seeking appreciation, often expressed through creative and imaginative channels. ---"
virgo,aries,Virgo Sun / Aries Rising,"Your analytical Virgo Sun is projected through a dynamic Aries rising. You might appear energetic and initiating, but your core is focused on meticulous improvement and practical service. Your drive is channeled into refining and organizing."
virgo,taurus,Virgo Sun / Taurus Rising,"Your practical Virgo Sun is grounded by a steady Taurus rising. You might appear more patient and appreciative of comfort, but your core is still about diligent work and precise application, which you express through creating stability and value."
virgo,gemini,Virgo Sun / Gemini Rising,"Your analytical Virgo Sun is expressed through a curious, communicative Gemini rising. You might appear adaptable and social, but your core is still about gathering and processing information with precision, perhaps sharing detailed insights."
virgo,cancer,Virgo Sun / Cancer Rising,"Your practical Virgo Sun is softened by a nurturing Cancer rising. You might appear more emotionally responsive and sensitive, but your core is still about service and improvement, often expressed through helpfulness and caring for others' practical needs."
virgo,leo,Virgo Sun / Leo Rising,"Your analytical Virgo Sun is amplified by a charismatic Leo rising. You might appear more expressive and confident, but your core desire is for meticulous improvement and skillful contribution, which you express with a certain flair and focus on excellence."
virgo,virgo,Virgo Sun / Virgo Rising,"Your core Virgo essence and outward presentation are aligned. You appear analytical, practical, detail-oriented, and service-minded, with a focus on improvement and efficiency."
virgo,libra,Virgo Sun / Libra Rising,"Your meticulous Virgo Sun is balanced by a diplomatic Libra rising. You might appear more focused on harmony and relationships, but your core is still about precise analysis and seeking improvement, which you do in a fair and considerate manner."
virgo,scorpio,Virgo Sun / Scorpio Rising,"Your analytical Virgo Sun is intensified by a powerful, probing Scorpio rising. You might appear as someone with a deep and investigative mind, driven to uncover hidden truths and improve systems with intense focus. Your practical skills have a transformative edge."
virgo,sagittarius,Virgo Sun / Sagittarius Rising,"Your analytical Virgo Sun is projected through an optimistic, expansive Sagittarius rising. You might appear more adventurous and philosophical, but your core desire is for practical knowledge and improvement, which you seek through learning and exploration with a desire for accuracy."
virgo,capricorn,Virgo Sun / Capricorn Rising,"Your practical Virgo Sun is amplified by a disciplined Capricorn rising. You might appear highly ambitious and responsible, with your focus on meticulous work finding expression through structured goals and tangible achievements. Both are Earth signs focused on practical application."
virgo,aquarius,Virgo Sun / Aquarius Rising,"Your analytical Virgo Sun is expressed through an unconventional Aquarius rising. You might appear unique and intellectual, but your core is still about precise improvement and practical solutions, which you seek through innovative methods and a focus on future advancements."
virgo,pisces,Virgo Sun / Pisces Rising,"Your practical Virgo Sun is softened by a compassionate Pisces rising. You might appear more intuitive and artistic, but your core is still about service and improvement, often expressed through helpfulness and a gentle approach to refining details. ---"
libra,aries,Libra Sun / Aries Rising,"Your diplomatic Libra Sun is projected through a dynamic Aries rising. You might appear assertive and initiating initially, but your core is about balance and relationships. Your drive is channeled into seeking fair action and initiating connections."
libra,taurus,Libra Sun / Taurus Rising,"Your harmonious Libra Sun is grounded by a steady Taurus rising. You might appear more patient and appreciative of comfort, but your core is still about beauty and relationships, which you express through stable and pleasing means."
libra,gemini,Libra Sun / Gemini Rising,"Your diplomatic Libra Sun is expressed through a curious, communicative Gemini rising. You might appear adaptable and social, but your core is still about exchanging ideas harmoniously, perhaps focusing on fairness in conversations."
libra,cancer,Libra Sun / Cancer Rising,"Your harmonious Libra Sun is softened by a nurturing Cancer rising. You might appear more emotionally responsive and caring, but your core is still about balance and relationships, which you express through creating comfortable and secure connections."
libra,leo,Libra Sun / Leo Rising,"Your charming Libra Sun is amplified by a charismatic Leo rising. You might appear more outgoing and expressive, but your core desire is for harmonious relationships and appreciation, which you express through warmth and a desire to please in social settings."
libra,virgo,Libra Sun / Virgo Rising,"Your diplomatic Libra Sun is channeled through a meticulous Virgo rising. You might appear more analytical and detail-oriented, but your core is still about fairness and relationships, which you pursue with a desire for precision and improvement in your interactions."
libra,libra,Libra Sun / Libra Rising,"Your core Libra essence and outward presentation are aligned. You appear diplomatic, harmonious, relationship-focused, and valuing beauty and fairness. Your social interactions are graceful and balanced."
libra,scorpio,Libra Sun / Scorpio Rising,"Your balanced Libra Sun is intensified by a powerful, probing Scorpio rising. You might appear as someone with deep intensity and a formidable will, driven to transform relationships and assert your needs for balance and fairness with profound depth."
libra,sagittarius,Libra Sun / Sagittarius Rising,"Your diplomatic Libra Sun is projected through an optimistic, expansive Sagittarius rising. You might appear more adventurous and philosophical, but your core desire is for harmonious connections and fair exchange, which you seek through broad exploration and open communication."
libra,capricorn,Libra Sun / Capricorn Rising,"Your charming Libra Sun is channeled through a disciplined Capricorn rising. You might appear more serious and responsible, but your core desire is for balanced relationships and social harmony, which you pursue with a focus on building lasting connections and maintaining fairness."
libra,aquarius,Libra Sun / Aquarius Rising,"Your diplomatic Libra Sun is expressed through an unconventional Aquarius rising. You might appear unique and intellectual, but your core is still about harmonious relationships and fairness, which you seek through innovative social approaches and a focus on collective well-being."
libra,pisces,Libra Sun / Pisces Rising,"Your harmonious Libra Sun is softened by a compassionate Pisces rising. You might appear more intuitive and artistic, but your core is still about balance and relationships, often expressed through empathy and a desire for soulful connection. ---"
scorpio,aries,Scorpio Sun / Aries Rising,"Your intense Scorpio Sun is projected through a dynamic Aries rising. You might appear energetic and initiating, but your core is deeply powerful and transformative. Your drive is channeled into confronting and regenerating situations."
scorpio,taurus,Scorpio Sun / Taurus Rising,"Your intense Scorpio Sun is grounded by a steady Taurus rising. You might appear more patient and persistent, but your core is still about deep transformation and gaining control over your resources and values, which you do with unwavering focus."
scorpio,gemini,Scorpio Sun / Gemini Rising,"Your probing Scorpio Sun is expressed through a curious, communicative Gemini rising. You might appear adaptable and social, but your core is still about uncovering hidden meanings and communicating with intensity. Your communication has a transformative edge."
scorpio,cancer,Scorpio Sun / Cancer Rising,"Your emotional Scorpio Sun is softened by a nurturing Cancer rising. You might appear more caring and security-oriented, but your core is still about deep emotional intensity and transformation, which you express through profound connections and protective instincts."
scorpio,leo,Scorpio Sun / Leo Rising,"Your intense Scorpio Sun is amplified by a charismatic Leo rising. You might appear more outwardly expressive and confident, but your core drive is for transformation and power, which you express with a magnetic and often dramatic flair. Your passions are profound."
scorpio,virgo,Scorpio Sun / Virgo Rising,"Your probing Scorpio Sun is channeled through a meticulous Virgo rising. You might appear more analytical and detail-oriented, but your core is still about transformation and uncovering hidden truths, which you do with intense focus and a desire for profound improvement."
scorpio,libra,Scorpio Sun / Libra Rising,"Your intense Scorpio Sun is balanced by a diplomatic Libra rising. You might appear more focused on relationships and fairness, but your core is still about transforming connections and asserting your needs for depth and honesty. Your pursuit of balance has a powerful, transformative edge."
scorpio,scorpio,Scorpio Sun / Scorpio Rising,"Your core Scorpio essence and outward presentation are aligned. You appear intense, magnetic, resourceful, and driven by a deep desire for transformation and power."
scorpio,sagittarius,Scorpio Sun / Sagittarius Rising,"Your intense Scorpio Sun is projected through an optimistic, expansive Sagittarius rising. You might appear more adventurous and philosophical, but your core desire is for profound transformation and uncovering hidden truths, which you seek through exploration and challenging beliefs."
scorpio,capricorn,Scorpio Sun / Capricorn Rising,"Your intense Scorpio Sun is amplified by a disciplined Capricorn rising. You might appear highly ambitious and responsible, with your drive for transformation finding expression through strategic goal-setting and wielding power to achieve lasting change."
scorpio,aquarius,Scorpio Sun / Aquarius Rising,"Your intense Scorpio Sun is expressed through an unconventional Aquarius rising. You might appear unique and intellectual, but your core is still about profound transformation and challenging societal norms with a powerful, insightful approach. Your pursuit of change has a rebellious edge."
scorpio,pisces,Scorpio Sun / Pisces Rising,"Your intense Scorpio Sun is softened by a compassionate Pisces rising. You might appear more intuitive and artistic, but your core is still about deep emotional intensity and transformation, often expressed through empathy and a desire for soulful, profound connections. ---"
sagittarius,aries,Sagittarius Sun / Aries Rising,"Your expansive Sagittarius Sun is projected through a dynamic Aries rising. You appear energetic and initiating, with your core drive for exploration and truth amplified by Aries's pioneering spirit. You're eager to start new journeys."
sagittarius,taurus,Sagittarius Sun / Taurus Rising,"Your optimistic Sagittarius Sun is grounded by a steady Taurus rising. You might appear more patient and appreciative of comfort, but your core is still about broad exploration and philosophical growth, which you express through stable and reliable means."
sagittarius,gemini,Sagittarius Sun / Gemini Rising,"Your philosophical Sagittarius Sun is expressed through a curious, communicative Gemini rising. You might appear adaptable and social, but your core is still about gathering and sharing knowledge, perhaps with a focus on broad concepts and diverse ideas."
sagittarius,cancer,Sagittarius Sun / Cancer Rising,"Your optimistic Sagittarius Sun is softened by a nurturing Cancer rising. You might appear more emotionally responsive and caring, but your core is still about seeking meaning and expansion, often expressed through sharing optimistic beliefs within a secure emotional context."
sagittarius,leo,Sagittarius Sun / Leo Rising,"Your expansive Sagittarius Sun is amplified by a charismatic Leo rising. You appear enthusiastic and radiant, with your core drive for exploration and truth finding expression through inspiring leadership and creative expression."
sagittarius,virgo,Sagittarius Sun / Virgo Rising,"Your philosophical Sagittarius Sun is channeled through a meticulous Virgo rising. You might appear more analytical and detail-oriented, but your core is still about seeking knowledge and understanding, which you pursue with a desire for accuracy and practical application."
sagittarius,libra,Sagittarius Sun / Libra Rising,"Your optimistic Sagittarius Sun is balanced by a diplomatic Libra rising. You might appear more focused on harmony and relationships, but your core is still about exploring beliefs and seeking truth, which you do through fair communication and consideration of others' perspectives."
sagittarius,scorpio,Sagittarius Sun / Scorpio Rising,"Your expansive Sagittarius Sun is intensified by a powerful, probing Scorpio rising. You might appear as someone with deep intensity and a formidable will, driven to transform your understanding of the world and uncover profound truths. Your quest for knowledge has a penetrating edge."
sagittarius,sagittarius,Sagittarius Sun / Sagittarius Rising,"Your core Sagittarius essence and outward presentation are aligned. You appear optimistic, adventurous, philosophical, and freedom-loving. Your core motivation is to explore, learn, and expand your horizons."
sagittarius,capricorn,Sagittarius Sun / Capricorn Rising,"Your expansive Sagittarius Sun is channeled through a disciplined Capricorn rising. You might appear more serious and goal-oriented, but your core desire is for exploration and knowledge, which you pursue with a structured approach and a focus on long-term learning and wisdom."
sagittarius,aquarius,Sagittarius Sun / Aquarius Rising,"Your optimistic Sagittarius Sun is expressed through an unconventional Aquarius rising. You might appear unique and intellectual, but your core is still about expanding your horizons and seeking truth, which you do through innovative ideas and a focus on progressive philosophies."
sagittarius,pisces,Sagittarius Sun / Pisces Rising,"Your expansive Sagittarius Sun is softened by a compassionate Pisces rising. You might appear more intuitive and artistic, but your core is still about seeking meaning and sharing wisdom, often expressed through empathy and a connection to spiritual or philosophical insights. ---"
capricorn,aries,Capricorn Sun / Aries Rising,"Your disciplined Capricorn Sun is projected through a dynamic Aries rising. You might appear energetic and initiating, but your core is about structured ambition and responsibility. Your drive is channeled into achieving long-term goals with a sense of urgency."
capricorn,taurus,Capricorn Sun / Taurus Rising,"Your ambitious Capricorn Sun is grounded by a steady Taurus rising. You might appear more patient and appreciative of comfort, but your core is still about building security and lasting value, which you express through persistent and reliable efforts. Both are Earth signs focused on building."
capricorn,gemini,Capricorn Sun / Gemini Rising,"Your disciplined Capricorn Sun is expressed through a curious, communicative Gemini rising. You might appear adaptable and social, but your core is still about gathering information and processing it with a strategic, long-term focus. Your communication serves your ambition."
capricorn,cancer,Capricorn Sun / Cancer Rising,"Your responsible Capricorn Sun is softened by a nurturing Cancer rising. You might appear more emotionally responsive and caring, but your core is still about building security and establishing responsibility, often expressed through caring for others and providing a stable foundation."
capricorn,leo,Capricorn Sun / Leo Rising,"Your ambitious Capricorn Sun is amplified by a charismatic Leo rising. You might appear more outwardly expressive and confident, with your drive for achievement finding expression through leadership and commanding presence. Your ambition has a regal flair."
capricorn,virgo,Capricorn Sun / Virgo Rising,"Your disciplined Capricorn Sun is expressed through a meticulous Virgo rising. You might appear more analytical and detail-oriented, but your core is still about structured achievement and responsible execution, which you pursue with a keen eye for practical application."
capricorn,libra,Capricorn Sun / Libra Rising,"Your ambitious Capricorn Sun is balanced by a diplomatic Libra rising. You might appear more focused on harmony and relationships, but your core is still about building lasting structures and achieving goals, which you do through skillful negotiation and fair dealings."
capricorn,scorpio,Capricorn Sun / Scorpio Rising,"Your ambitious Capricorn Sun is intensified by a powerful, probing Scorpio rising. You might appear as someone with deep intensity and a formidable will, driven to transform and achieve goals with unwavering focus. Your ambition has a penetrating, powerful edge."
capricorn,sagittarius,Capricorn Sun / Sagittarius Rising,"Your disciplined Capricorn Sun is projected through an optimistic, expansive Sagittarius rising. You might appear more adventurous and philosophical, but your core desire is for structure and long-term achievement, which you seek through exploration and learning with a focus on gaining wisdom."
capricorn,capricorn,Capricorn Sun / Capricorn Rising,"Your core Capricorn essence and outward presentation are aligned. You appear responsible, disciplined, ambitious, and goal-oriented, with a strong drive to achieve and build lasting structures."
capricorn,aquarius,Capricorn Sun / Aquarius Rising,"Your ambitious Capricorn Sun is expressed through an unconventional Aquarius rising. You might appear unique and intellectual, but your core is still about structured achievement and long-term goals, which you pursue through innovative methods and a focus on future advancement."
capricorn,pisces,Capricorn Sun / Pisces Rising,"Your responsible Capricorn Sun is softened by a compassionate Pisces rising. You might appear more intuitive and artistic, but your core is still about discipline and responsibility, often expressed through dedicated service and a gentle approach to achieving goals. ---"
aquarius,aries,Aquarius Sun / Aries Rising,"Your innovative Aquarius Sun is projected through a dynamic Aries rising. You might appear energetic and assertive, but your core is about rebellion and intellectual freedom. Your drive is channeled into initiating change and unique ideas."
aquarius,taurus,Aquarius Sun / Taurus Rising,"Your unconventional Aquarius Sun is grounded by a steady Taurus rising. You might appear more patient and appreciative of comfort, but your core is still about originality and intellectual pursuits, which you express through stable and unique means."
aquarius,gemini,Aquarius Sun / Gemini Rising,"Your intellectual Aquarius Sun is expressed through a curious, communicative Gemini rising. You might appear adaptable and social, but your core is still about unique ideas and intellectual exploration, perhaps sharing progressive concepts with others."
aquarius,cancer,Aquarius Sun / Cancer Rising,"Your unconventional Aquarius Sun is softened by a nurturing Cancer rising. You might appear more emotionally responsive and caring, but your core is still about independence and intellectual pursuits, often expressed through fostering emotional freedom and unique connections."
aquarius,leo,Aquarius Sun / Leo Rising,"Your innovative Aquarius Sun is amplified by a charismatic Leo rising. You might appear more outwardly expressive and confident, but your core desire is for originality and intellectual expression, which you project with a unique flair and a focus on progressive ideals."
aquarius,virgo,Aquarius Sun / Virgo Rising,"Your intellectual Aquarius Sun is channeled through a meticulous Virgo rising. You might appear more analytical and detail-oriented, but your core is still about innovation and unique ideas, which you pursue with precision and a focus on improving systems."
aquarius,libra,Aquarius Sun / Libra Rising,"Your unconventional Aquarius Sun is balanced by a diplomatic Libra rising. You might appear more focused on harmony and relationships, but your core is still about intellectual connection and unique social interactions, which you pursue through fair and considerate communication."
aquarius,scorpio,Aquarius Sun / Scorpio Rising,"Your innovative Aquarius Sun is intensified by a powerful, probing Scorpio rising. You might appear as someone with deep intensity and a formidable will, driven to transform societal norms and assert your unique intellectual perspective with profound focus."
aquarius,sagittarius,Aquarius Sun / Sagittarius Rising,"Your unconventional Aquarius Sun is projected through an optimistic, expansive Sagittarius rising. You might appear more adventurous and philosophical, but your core desire is for intellectual freedom and originality, which you seek through exploration and challenging established beliefs with a progressive outlook."
aquarius,capricorn,Aquarius Sun / Capricorn Rising,"Your innovative Aquarius Sun is channeled through a disciplined Capricorn rising. You might appear more serious and responsible, but your core desire is for unique breakthroughs and intellectual progress, which you pursue with a focus on long-term vision and structured innovation."
aquarius,aquarius,Aquarius Sun / Aquarius Rising,"Your core Aquarius essence and outward presentation are aligned. You appear original, unconventional, intellectual, and humanitarian, with a desire for innovation and social progress."
aquarius,pisces,Aquarius Sun / Pisces Rising,"Your unconventional Aquarius Sun is softened by a compassionate Pisces rising. You might appear more intuitive and artistic, but your core is still about intellectual uniqueness and spiritual connection, often expressed through imaginative ideas and a desire for collective well-being. ---"
pisces,aries,Pisces Sun / Aries Rising,"Your compassionate Pisces Sun is projected through a dynamic Aries rising. You might appear energetic and initiating, but your core is deeply intuitive and spiritually oriented. Your drive is channeled into expressing your compassionate vision."
pisces,taurus,Pisces Sun / Taurus Rising,"Your sensitive Pisces Sun is grounded by a steady Taurus rising. You might appear more patient and appreciative of comfort, but your core is still about emotional depth and spiritual connection, which you express through stable and comforting means."
pisces,gemini,Pisces Sun / Gemini Rising,"Your intuitive Pisces Sun is expressed through a curious, communicative Gemini rising. You might appear adaptable and social, but your core is still about gathering and sharing information with a sensitive and empathetic touch. Your communication has a dreamy, poetic quality."
pisces,cancer,Pisces Sun / Cancer Rising,"Your compassionate Pisces Sun is aligned with a nurturing Cancer rising. You appear deeply intuitive, empathetic, and emotional, with your core desire for spiritual connection finding expression through a caring and protective outer self."
pisces,leo,Pisces Sun / Leo Rising,"Your sensitive Pisces Sun is amplified by a charismatic Leo rising. You might appear more outgoing and expressive, but your core desire is for spiritual connection and imaginative expression, which you project with a certain artistic flair and a desire to inspire others through your empathy."
pisces,virgo,Pisces Sun / Virgo Rising,"Your intuitive Pisces Sun is channeled through a meticulous Virgo rising. You might appear more analytical and detail-oriented, but your core is still about compassion and spiritual understanding, which you pursue with a desire for refined artistic expression and gentle service."
pisces,libra,Pisces Sun / Libra Rising,"Your compassionate Pisces Sun is balanced by a diplomatic Libra rising. You might appear more focused on harmony and relationships, but your core is still about emotional connection and spiritual unity, which you seek through fair communication and empathetic understanding in your interactions."
pisces,scorpio,Pisces Sun / Scorpio Rising,"Your intuitive Pisces Sun is intensified by a powerful, probing Scorpio rising. You might appear as someone with deep emotional intensity and a formidable will, driven to transform your understanding of the subconscious and express your profound, artistic depths with unwavering focus."
pisces,sagittarius,Pisces Sun / Sagittarius Rising,"Your compassionate Pisces Sun is projected through an optimistic, expansive Sagittarius rising. You might appear more adventurous and philosophical, but your core desire is for spiritual meaning and connection, which you seek through exploration and sharing inspiring ideals, often with a sense of universal empathy."
pisces,capricorn,Pisces Sun / Capricorn Rising,"Your sensitive Pisces Sun is channeled through a disciplined Capricorn rising. You might appear more serious and responsible, but your core desire is for spiritual connection and imaginative expression, which you pursue with a focus on dedicated service and achieving artistic or healing goals."
pisces,aquarius,Pisces Sun / Aquarius Rising,"Your intuitive Pisces Sun is expressed through an unconventional Aquarius rising. You might appear unique and intellectual, but your core is still about spiritual connection and empathy, which you seek through innovative approaches to understanding humanity and collective consciousness."
pisces,pisces,Pisces Sun / Pisces Rising,"Your core Pisces essence and outward presentation are aligned. You appear compassionate, intuitive, artistic, and deeply spiritual, with your sensitivity and imagination being central to your being. --- These combinations create fascinating layers! Understanding how your Sun sign's core energy is filtered and expressed through your Rising sign is key to understanding your personality."
